command,mean,stddev,median,user,system,min,max,parameter
././guided_new_parser_bin large_instances/inst1000-1000-100-2-30.in,20.08457517353,0.23638122621242966,20.08457517353,40.12140969,0.009598595,19.91742840553,20.25172194153,./guided_new_parser_bin
././serial_new_parser_bin large_instances/inst1000-1000-100-2-30.in,40.390992707529996,0.08725454576530368,40.390992707529996,40.35762569,0.004605095,40.32929442653,40.452690988529994,./serial_new_parser_bin
././static_new_parser_bin large_instances/inst1000-1000-100-2-30.in,20.19399539203,0.09798129694604181,20.19399539203,40.34249869,0.006271595,20.12471215253,20.26327863153,./static_new_parser_bin
