command,mean,stddev,median,user,system,min,max,parameter
././guided_new_parser_bin large_instances/instML100k.in,60.096407604030006,0.44601137535519925,60.096407604030006,478.82889278999994,0.057821084999999994,59.78102993603,60.41178527203,./guided_new_parser_bin
././serial_new_parser_bin large_instances/instML100k.in,199.933192375535,6.352341533852421,199.933192375535,199.635312845,0.006291945,195.441408600535,204.424976150535,./serial_new_parser_bin
././static_new_parser_bin large_instances/instML100k.in,59.89063556753,0.2713156281404485,59.89063556753,477.23302028999996,0.031254585,59.69878644703,60.08248468803,./static_new_parser_bin
