command,mean,stddev,median,user,system,min,max,parameter
././dynamic_new_parser_bin large_instances/inst30-40-10-2-10.in,0.4203611266050001,0.014104307532257816,0.4203611266050001,1.6500425849999998,0.01636143,0.4103878751050001,0.4303343781050001,./dynamic_new_parser_bin
././guided_new_parser_bin large_instances/inst30-40-10-2-10.in,0.41277145410500005,0.01957256296817889,0.41277145410500005,1.6144600849999997,0.02140893,0.3989315621050001,0.42661134610500007,./guided_new_parser_bin
././serial_new_parser_bin large_instances/inst30-40-10-2-10.in,0.5656243631050001,0.0010195150423960898,0.5656243631050001,0.565689085,0.0,0.5649034571050001,0.566345269105,./serial_new_parser_bin
././serial_old_parser_bin large_instances/inst30-40-10-2-10.in,0.5632125626050001,0.00071471171461823,0.5632125626050001,0.561583085,0.001528715,0.5627071851050001,0.5637179401050001,./serial_old_parser_bin
././static_new_parser_bin large_instances/inst30-40-10-2-10.in,0.36308123710500007,0.0034258630583842552,0.36308123710500007,1.432979085,0.016352929999999998,0.3606587861050001,0.36550368810500006,./static_new_parser_bin
././static_old_parser_bin large_instances/inst30-40-10-2-10.in,0.3724446546050001,0.004109911794543119,0.3724446546050001,1.4662030849999999,0.01973343,0.36953850810500005,0.3753508011050001,./static_old_parser_bin
