command,mean,stddev,median,user,system,min,max,parameter
././guided_new_parser_bin large_instances/inst500-500-20-2-100.in,32.81949578881999,0.007043571257571779,32.81949578881999,117.51161973999999,1.1247415149999997,32.814515231819996,32.824476345819996,./guided_new_parser_bin
././serial_new_parser_bin large_instances/inst500-500-20-2-100.in,92.43841791432001,0.38315045295617034,92.43841791432001,92.37009574,0.0014870075,92.16748963082,92.70934619782001,./serial_new_parser_bin
././static_new_parser_bin large_instances/inst500-500-20-2-100.in,40.118082186319995,0.23017171073779255,40.118082186319995,109.39459474,1.4996650149999997,39.95532620882,40.28083816382,./static_new_parser_bin
