command,mean,stddev,median,user,system,min,max,parameter
././guided_new_parser_bin large_instances/inst500-500-20-2-100.in,30.15771253404,0.04710964932920441,30.15771253404,240.753599445,0.05960149000000001,30.12440098154,30.19102408654,./guided_new_parser_bin
././serial_new_parser_bin large_instances/inst500-500-20-2-100.in,92.43841791432001,0.38315045295617034,92.43841791432001,92.37009574,0.0014870075,92.16748963082,92.70934619782001,./serial_new_parser_bin
././static_new_parser_bin large_instances/inst500-500-20-2-100.in,29.18509516604,0.028004421717991057,29.18509516604,233.05463294499998,0.03629999,29.16529304954,29.20489728254,./static_new_parser_bin
