command,mean,stddev,median,user,system,min,max,parameter
././dynamic_new_parser_bin large_instances/instML1M.in,129.81891549594002,1.8585436089224727,129.81891549594002,516.02902912,0.131019565,128.50472670694,131.13310428494,./dynamic_new_parser_bin
././guided_new_parser_bin large_instances/instML1M.in,122.90346755994001,1.6993194860664111,122.90346755994001,488.69421361999997,0.10278256499999999,121.70186722794001,124.10506789194001,./guided_new_parser_bin
././serial_new_parser_bin large_instances/instML1M.in,517.45003817594,3.883793362003567,517.45003817594,516.4397131200001,0.061292065,514.70378155294,520.19629479894,./serial_new_parser_bin
././serial_old_parser_bin large_instances/instML1M.in,825.71082141694,0.13372543654766864,825.71082141694,824.01330162,0.081247565,825.61626325394,825.80537957994,./serial_old_parser_bin
././static_new_parser_bin large_instances/instML1M.in,121.35330166844,0.8266040123659958,121.35330166844,481.64608962,0.12602456499999998,120.76880436594,121.93779897094001,./static_new_parser_bin
././static_old_parser_bin large_instances/instML1M.in,434.94076207394005,2.159737392756121,434.94076207394005,794.46153062,0.117773065,433.41359711794,436.46792702994003,./static_old_parser_bin
