command,mean,stddev,median,user,system,min,max,parameter
././guided_new_parser_bin large_instances/inst1000-1000-100-2-30.in,11.699017606165,0.011604644755676368,11.699017606165,93.264034065,0.0095614,11.690811883165,11.707223329165,./guided_new_parser_bin
././serial_new_parser_bin large_instances/inst1000-1000-100-2-30.in,40.238543722845,0.1692448116523291,40.238543722845,40.203641025,0.004592525,40.118869568845,40.358217876845,./serial_new_parser_bin
././static_new_parser_bin large_instances/inst1000-1000-100-2-30.in,11.482266016165,0.0059603840779582536,11.482266016165,91.53385756499999,0.009558399999999998,11.478051388165,11.486480644165,./static_new_parser_bin
