command,mean,stddev,median,user,system,min,max,parameter
././guided_new_parser_bin large_instances/instML1M.in,522.375984858005,3.130633054862395,522.375984858005,521.324812265,0.096263015,520.162292995505,524.5896767205049,./guided_new_parser_bin
././serial_new_parser_bin large_instances/instML1M.in,517.192752584505,2.1487901946723222,517.192752584505,516.121902765,0.11122401499999998,515.673328466505,518.712176702505,./serial_new_parser_bin
././static_new_parser_bin large_instances/instML1M.in,515.157068500505,4.026058563917175,515.157068500505,514.104051765,0.099595515,512.310215188505,518.003921812505,./static_new_parser_bin
