command,mean,stddev,median,user,system,min,max,parameter
././guided_new_parser_bin large_instances/inst30-40-10-2-10.in,0.50030679194,0.0142585077222447,0.50030679194,0.98659676,0.013071945,0.49022450444000004,0.51038907944,./guided_new_parser_bin
././serial_new_parser_bin large_instances/inst30-40-10-2-10.in,0.5656894854400001,0.0006151079463134387,0.5656894854400001,0.5656982599999999,0.0,0.5652545384400001,0.56612443244,./serial_new_parser_bin
././static_new_parser_bin large_instances/inst30-40-10-2-10.in,0.48570377794,0.0020693911286560796,0.48570377794,0.94407526,0.026413445,0.48424049744000003,0.48716705844,./static_new_parser_bin
