command,mean,stddev,median,user,system,min,max,parameter
././guided_new_parser_bin large_instances/instML1M.in,109.58235298416,0.07955582451861819,109.58235298416,858.525036775,0.12912880999999998,109.52609852116,109.63860744716,./guided_new_parser_bin
././serial_new_parser_bin large_instances/instML1M.in,528.0313674997051,4.132420705394277,528.0313674997051,526.928374955,0.082908915,525.109304796205,530.953430203205,./serial_new_parser_bin
././static_new_parser_bin large_instances/instML1M.in,105.86349234465999,0.31243202070454357,105.86349234465999,826.2385752749999,0.13091131,105.64256954416,106.08441514516,./static_new_parser_bin
