command,mean,stddev,median,user,system,min,max,parameter
././guided_new_parser_bin large_instances/instML100k.in,121.243905295355,0.7999784920048287,121.243905295355,242.06496708499998,0.032967025,120.678235078855,121.809575511855,./guided_new_parser_bin
././serial_new_parser_bin large_instances/instML100k.in,204.36081269035498,2.590026994829279,204.36081269035498,204.07501208499997,0.012993024999999998,202.529387038855,206.192238341855,./serial_new_parser_bin
././static_new_parser_bin large_instances/instML100k.in,120.314754745855,0.09558243224112335,120.314754745855,240.223209085,0.021289024999999996,120.247167759855,120.382341731855,./static_new_parser_bin
