command,mean,stddev,median,user,system,min,max,parameter
././guided_new_parser_bin large_instances/inst1000-1000-100-2-30.in,40.037228770895,0.018811858907195445,40.037228770895,40.004498575,0.0063246249999999995,40.023926777895,40.050530763895004,./guided_new_parser_bin
././serial_new_parser_bin large_instances/inst1000-1000-100-2-30.in,39.95922519539501,0.01948924952589662,39.95922519539501,39.924376075,0.006326624999999999,39.945444214895005,39.973006175895,./serial_new_parser_bin
././static_new_parser_bin large_instances/inst1000-1000-100-2-30.in,39.747780225895,0.22047368537237785,39.747780225895,39.708881575,0.0114880625,39.591881787895005,39.903678663895,./static_new_parser_bin
