command,mean,stddev,median,user,system,min,max,parameter
././guided_new_parser_bin large_instances/instML100k.in,199.77033927605498,4.877099066583833,199.77033927605498,199.47070359499997,0.01620825,196.32170945355497,203.218969098555,./guided_new_parser_bin
././serial_new_parser_bin large_instances/instML100k.in,198.869719192055,2.553165120932032,198.869719192055,198.578617595,0.00455975,197.06435882155498,200.675079562555,./serial_new_parser_bin
././static_new_parser_bin large_instances/instML100k.in,196.92133297305497,2.9819393868091404,196.92133297305497,196.61389109499999,0.02953225,194.812783411555,199.029882534555,./static_new_parser_bin
