command,mean,stddev,median,user,system,min,max,parameter
././guided_new_parser_bin large_instances/instML1M.in,157.070189172205,0.36766956691284347,157.070189172205,606.076982955,0.164428415,156.810207528205,157.330170816205,./guided_new_parser_bin
././serial_new_parser_bin large_instances/instML1M.in,528.0313674997051,4.132420705394277,528.0313674997051,526.928374955,0.082908915,525.109304796205,530.953430203205,./serial_new_parser_bin
././static_new_parser_bin large_instances/instML1M.in,161.918200075205,1.2508227025002236,161.918200075205,616.531266955,0.14286891499999999,161.03373486020502,162.802665290205,./static_new_parser_bin
