command,mean,stddev,median,user,system,min,max,parameter
././guided_new_parser_bin large_instances/inst500-500-20-2-100.in,91.22931403248501,0.5761614403080004,91.22931403248501,91.175596345,0.006418145,90.821906370985,91.636721693985,./guided_new_parser_bin
././serial_new_parser_bin large_instances/inst500-500-20-2-100.in,91.68989263348499,0.2505585043360796,91.68989263348499,91.639233845,0.0,91.512721015985,91.867064250985,./serial_new_parser_bin
././static_new_parser_bin large_instances/inst500-500-20-2-100.in,91.689733922985,0.06943353296317954,91.689733922985,91.63189334500001,0.009750644999999999,91.640637000985,91.738830844985,./static_new_parser_bin
