command,mean,stddev,median,user,system,min,max,parameter
././guided_new_parser_bin large_instances/inst30-40-10-2-10.in,1.38841330342,0.0013403378743018757,1.38841330342,4.343666145,1.174001675,1.38746554142,1.38936106542,./guided_new_parser_bin
././serial_new_parser_bin large_instances/inst30-40-10-2-10.in,0.5665012434200001,0.0017795162392425445,0.5665012434200001,0.566594645,0.0,0.56524293542,0.56775955142,./serial_new_parser_bin
././static_new_parser_bin large_instances/inst30-40-10-2-10.in,1.76059549142,0.020018108122577503,1.76059549142,4.796693645,1.313796175,1.7464405514199999,1.77475043142,./static_new_parser_bin
