command,mean,stddev,median,user,system,min,max,parameter
././dynamic_new_parser_bin large_instances/inst500-500-20-2-100.in,30.205339738520003,0.2753223249723578,30.205339738520003,120.59985245499999,0.02802007,30.01065745552,30.40002202152,./dynamic_new_parser_bin
././guided_new_parser_bin large_instances/inst500-500-20-2-100.in,30.28247792402,0.01972607514326798,30.28247792402,120.890589955,0.03633707,30.26852948252,30.296426365520002,./guided_new_parser_bin
././serial_new_parser_bin large_instances/inst500-500-20-2-100.in,92.50446087302,0.15502249365514856,92.50446087302,92.45509945499998,0.001517285,92.39484341651999,92.61407832952,./serial_new_parser_bin
././serial_old_parser_bin large_instances/inst500-500-20-2-100.in,92.55865188902,0.10902235779812701,92.55865188902,92.508981955,0.003185285,92.48156144052,92.63574233752,./serial_old_parser_bin
././static_new_parser_bin large_instances/inst500-500-20-2-100.in,29.17807567102,0.050533137923015906,29.17807567102,116.494196455,0.03134157,29.14234334652,29.21380799552,./static_new_parser_bin
././static_old_parser_bin large_instances/inst500-500-20-2-100.in,30.296996323020004,0.25638648125504593,30.296996323020004,120.77633445499998,0.01969507,30.11570370352,30.478288942520003,./static_old_parser_bin
