command,mean,stddev,median,user,system,min,max,parameter
././guided_new_parser_bin large_instances/inst1000-1000-100-2-30.in,13.778262332845001,0.04816515964229534,13.778262332845001,48.631883525,0.125763525,13.744204421845001,13.812320243845,./guided_new_parser_bin
././serial_new_parser_bin large_instances/inst1000-1000-100-2-30.in,40.238543722845,0.1692448116523291,40.238543722845,40.203641025,0.004592525,40.118869568845,40.358217876845,./serial_new_parser_bin
././static_new_parser_bin large_instances/inst1000-1000-100-2-30.in,13.706050866845,1.2990345128053136,13.706050866845,45.013531525000005,0.123140525,12.787494753845001,14.624606979845002,./static_new_parser_bin
