command,mean,stddev,median,user,system,min,max,parameter
././guided_new_parser_bin large_instances/inst30-40-10-2-10.in,0.6331345128750001,0.019699290645503208,0.6331345128750001,0.618118,0.014761475,0.619205010875,0.6470640148750001,./guided_new_parser_bin
././serial_new_parser_bin large_instances/inst30-40-10-2-10.in,0.5657304618750001,0.0006031875401962291,0.5657304618750001,0.565754,0.0,0.565303943875,0.566156979875,./serial_new_parser_bin
././static_new_parser_bin large_instances/inst30-40-10-2-10.in,0.6127595948750001,0.0016802624887945115,0.6127595948750001,0.6127564999999999,0.0,0.6115714698750001,0.6139477198750001,./static_new_parser_bin
