command,mean,stddev,median,user,system,min,max,parameter
././guided_new_parser_bin large_instances/inst30-40-10-2-10.in,0.38188701591500007,0.0017866926659648172,0.38188701591500007,3.0202503949999997,0.026314135,0.38062363341500005,0.38315039841500004,./guided_new_parser_bin
././static_new_parser_bin large_instances/inst30-40-10-2-10.in,0.3628115849150001,0.0002270498661186515,0.3628115849150001,2.8618683949999997,0.033074635,0.36265103641500007,0.36297213341500006,./static_new_parser_bin
