command,mean,stddev,median,user,system,min,max,parameter
././dynamic_new_parser_bin large_instances/inst1000-1000-100-2-30.in,12.80109244629,0.01721562474563207,12.80109244629,51.07079193,0.013023489999999999,12.78891916129,12.813265731289999,./dynamic_new_parser_bin
././guided_new_parser_bin large_instances/inst1000-1000-100-2-30.in,12.719998242789998,0.01476591199207537,12.719998242789998,50.730287929999996,0.02134249,12.709557166289999,12.73043931929,./guided_new_parser_bin
././serial_new_parser_bin large_instances/inst1000-1000-100-2-30.in,39.880800155290004,0.014746605855627707,39.880800155290004,39.84823743,0.00469599,39.87037273029,39.89122758029,./serial_new_parser_bin
././serial_old_parser_bin large_instances/inst1000-1000-100-2-30.in,39.923929890290005,0.046750968707341904,39.923929890290005,39.89434643,0.001514745,39.89087196329,39.956987817290006,./serial_old_parser_bin
././static_new_parser_bin large_instances/inst1000-1000-100-2-30.in,11.697179274789999,1.094533551497391,11.697179274789999,46.66424343,0.00802349,10.923227178289999,12.47113137129,./static_new_parser_bin
././static_old_parser_bin large_instances/inst1000-1000-100-2-30.in,12.79961282129,0.026411052046004156,12.79961282129,50.976091929999996,0.011361989999999999,12.780937387289999,12.81828825529,./static_old_parser_bin
