command,mean,stddev,median,user,system,min,max,parameter
././guided_new_parser_bin large_instances/instML100k.in,72.39641000303499,0.3172102028545319,72.39641000303499,253.275374845,0.7286054449999999,72.172108517535,72.620711488535,./guided_new_parser_bin
././serial_new_parser_bin large_instances/instML100k.in,199.933192375535,6.352341533852421,199.933192375535,199.635312845,0.006291945,195.441408600535,204.424976150535,./serial_new_parser_bin
././static_new_parser_bin large_instances/instML100k.in,73.105833015035,0.15498899800692073,73.105833015035,248.370588845,0.7066659449999999,72.996239243535,73.215426786535,./static_new_parser_bin
