command,mean,stddev,median,user,system,min,max,parameter
././guided_new_parser_bin large_instances/instML1M.in,246.07186857178002,0.587358331938301,246.07186857178002,490.75215987499996,0.10791721,245.65654351228002,246.48719363128,./guided_new_parser_bin
././serial_new_parser_bin large_instances/instML1M.in,532.49724170228,2.27494612666658,532.49724170228,531.430255375,0.09295920999999999,530.88861186928,534.10587153528,./serial_new_parser_bin
././static_new_parser_bin large_instances/instML1M.in,245.65934722528002,3.3476022207394247,245.65934722528002,489.940462875,0.08959971,243.29223499428002,248.02645945628,./static_new_parser_bin
