command,mean,stddev,median,user,system,min,max,parameter
././dynamic_new_parser_bin large_instances/instML100k.in,68.344723538035,0.02476390761041447,68.344723538035,272.40140798000004,0.04465807499999999,68.327212811035,68.362234265035,./dynamic_new_parser_bin
././guided_new_parser_bin large_instances/instML100k.in,68.86735259853499,0.26748330596209813,68.86735259853499,274.51728148,0.034658074999999997,68.678213339035,69.05649185803499,./guided_new_parser_bin
././serial_new_parser_bin large_instances/instML100k.in,200.86040801153501,1.4310638809063267,200.86040801153501,200.55124447999998,0.009729574999999999,199.848493037035,201.87232298603502,./serial_new_parser_bin
././serial_old_parser_bin large_instances/instML100k.in,203.529314151035,1.2428636358504068,203.529314151035,203.23074098,0.009733575,202.65047684603502,204.408151456035,./serial_old_parser_bin
././static_new_parser_bin large_instances/instML100k.in,68.842880368035,0.3858398211684309,68.842880368035,274.44891198,0.028005574999999998,68.570050414035,69.115710322035,./static_new_parser_bin
././static_old_parser_bin large_instances/instML100k.in,71.861035452035,1.0126443163201562,71.861035452035,283.06331697999997,0.039646574999999996,71.144987789035,72.577083115035,./static_old_parser_bin
