command,mean,stddev,median,user,system,min,max,parameter
././guided_new_parser_bin large_instances/inst500-500-20-2-100.in,46.56706009402,0.07783724815598879,46.56706009402,93.06140031499999,0.016422839999999998,46.51202084802,46.62209934002,./guided_new_parser_bin
././serial_new_parser_bin large_instances/inst500-500-20-2-100.in,92.45010542952,0.05742949237716989,92.45010542952,92.39737031499999,0.0015491699999999999,92.40949664602,92.49071421302,./serial_new_parser_bin
././static_new_parser_bin large_instances/inst500-500-20-2-100.in,46.59546228152,0.05895289312605536,46.59546228152,93.11942031499999,0.016426339999999998,46.55377629102,46.63714827202,./static_new_parser_bin
